<?xml version="1.0" encoding="UTF-8" standalone="yes"?>
<str>
	<Configure1>
		<BackUp>1</BackUp>
		<Subdir>1</Subdir>
		<Case_Sensitive>1</Case_Sensitive>
		<MutilReplace>1</MutilReplace>
		<Force_ReadOnly>1</Force_ReadOnly>
		<ReplaceType>1</ReplaceType>
	</Configure1>
	<Configure2>
		<Language>Chinese_Simplified</Language>
		<SelectFileExt>*.txt;*.htm;*.c;*.cpp;*.h;*.hpp;*.pas;*.dpr;*.bpr;*.asp;*.php;*.cgi;*.ini;*.bat;*.inc;*.java;*.py;*.dfm;*.js;*.sql</SelectFileExt>
		<DefaultFileExt>*.txt;*.htm;*.c;*.cpp;*.h;*.hpp;*.pas;*.dpr;*.bpr;*.asp;*.php;*.cgi;*.ini;*.bat;*.inc;*.java;*.py;*.dfm;*.js;*.sql</DefaultFileExt>
		<itsSelf>0</itsSelf>
		<OutPutDir></OutPutDir>
		<Extract_File_Source_Add>1</Extract_File_Source_Add>
		<Extract_Add_Empty_Row>0</Extract_Add_Empty_Row>
		<Extract_Include_Start>1</Extract_Include_Start>
		<Extract_Include_End>1</Extract_Include_End>
	</Configure2>
	<History>
		<Target>453A5C6D6F6C6C792E6D6F62695C567061795C6D6F6C6C792E6E65742E636E56535041595C6D6F6C6C7976737061795C;1</Target>
		<NormalReplaceMemo1>567061790D0A767061790D0A76737061790D0A56737061790D0A</NormalReplaceMemo1>
		<NormalReplaceMemo2>4554470D0A6574670D0A6574670D0A4554470D0A</NormalReplaceMemo2>
		<CharacterReplaceMemo1></CharacterReplaceMemo1>
		<CharacterReplaceMemo2></CharacterReplaceMemo2>
		<CharacterReplaceMemo3></CharacterReplaceMemo3>
		<RegexReplaceMemo1></RegexReplaceMemo1>
		<RegexReplaceMemo2></RegexReplaceMemo2>
	</History>
	<MultiReplace>
		<RepacleRulesFile>E:\molly.mobi\Vpay\molly.net.cnVSPAY\批量替换工具无需安装打开即用\MultiRules\etg.nrr</RepacleRulesFile>
	</MultiReplace>
	<Other>
		<DefaultEditer>notepad.exe</DefaultEditer>
	</Other>
</str>
